keyword,group,rank,name,seller,ratings,avg_rating,price,genre,days_since_update,days_since_release,store_id,url
football team fees,typed,1,PitchIn: Football Team Hub,Sealable Limited,0,0,Free,Business,4,113,6769832882,https://apps.apple.com/gb/app/pitchin-football-team-hub/id6769832882
football team fees,typed,2,Spond,SPOND AS,8703,4.8,Free,Sports,13,3582,755596884,https://apps.apple.com/gb/app/spond/id755596884
football team fees,typed,3,Stack Team App,Team Mates Pty Ltd,2306,4.26,Free,Sports,1,4936,625607532,https://apps.apple.com/gb/app/stack-team-app/id625607532
football team fees,typed,4,Matchday by England Football,Wembley National Stadium LTD,2171,3.05,Free,Sports,43,2988,1401913451,https://apps.apple.com/gb/app/matchday-by-england-football/id1401913451
football team fees,typed,5,Powerplay Football,Powerplay Team Sports Ltd,14,2.43,Free,Sports,804,5712,419104188,https://apps.apple.com/gb/app/powerplay-football/id419104188
football team fees,typed,6,Teamo - Team Management,Sportplan Ltd,309,3.64,Free,Sports,0,3644,1142549827,https://apps.apple.com/gb/app/teamo-team-management/id1142549827
football team fees,typed,7,TeamStats - Football Team App,Teamstats.net Limited,52,4.87,Free,Sports,356,3229,1275644100,https://apps.apple.com/gb/app/teamstats-football-team-app/id1275644100
football team fees,typed,8,Powerleague - Home of 5-a-side,Powerleague Fives Ltd,815,4.55,Free,Sports,2,3626,1164049491,https://apps.apple.com/gb/app/powerleague-home-of-5-a-side/id1164049491
football team fees,typed,9,TeamFeePay,Concept Apps Ltd,5,3.2,Free,Health & Fitness,2,988,6445917513,https://apps.apple.com/gb/app/teamfeepay/id6445917513
football team fees,typed,10,Centre Circle - Football App,RA Technological Solutions Ltd,518,4.72,Free,Sports,0,2596,1465147177,https://apps.apple.com/gb/app/centre-circle-football-app/id1465147177
club subs,typed,1,Pitchero,Pitch Hero Ltd,15693,4.57,Free,Sports,8,5013,590231780,https://apps.apple.com/gb/app/pitchero/id590231780
club subs,typed,2,Smart Club Cloud,SMART CARD APPLICATIONS LIMITED,3,3.67,Free,Sports,147,1251,6443400050,https://apps.apple.com/gb/app/smart-club-cloud/id6443400050
club subs,typed,3,SubTime Club Manager,OTDSOFT INC.,0,0,Free,Sports,299,777,6618584311,https://apps.apple.com/gb/app/subtime-club-manager/id6618584311
club subs,typed,4,ClubPal: Your Club,ClubPal Ltd,1,5,Free,Sports,1,16,6764829094,https://apps.apple.com/gb/app/clubpal-your-club/id6764829094
club subs,typed,5,ClubLink,Club Manager Limited,1,1,Free,Health & Fitness,27,2527,1476551554,https://apps.apple.com/gb/app/clublink/id1476551554
club subs,typed,6,Coppa Club,COPPA COLLECTION LTD,74,4.82,Free,Food & Drink,219,233,6755387982,https://apps.apple.com/gb/app/coppa-club/id6755387982
club subs,typed,7,ClubRight,Club Right Limited,348,2.22,Free,Health & Fitness,288,2773,1455105642,https://apps.apple.com/gb/app/clubright/id1455105642
club subs,typed,8,Enterprise Car Club,"EAN Services, LLC",15065,4.71,Free,Travel,13,4375,925452533,https://apps.apple.com/gb/app/enterprise-car-club/id925452533
club subs,typed,9,Luvi (formerly Club),Takeoff Labs LLC,644,4.44,Free,Productivity,7,1716,1603617539,https://apps.apple.com/gb/app/luvi-formerly-club/id1603617539
club subs,typed,10,ClubV1 Members Hub,Club Systems International Ltd,202,1.72,Free,Sports,447,3401,1247886260,https://apps.apple.com/gb/app/clubv1-members-hub/id1247886260
collect subs,typed,1,Dom's Subs,SLERP LIMITED,3,5,Free,Food & Drink,99,1589,1627243813,https://apps.apple.com/gb/app/doms-subs/id1627243813
collect subs,typed,2,Uber Eats: Food & Groceries,"Uber Technologies, Inc.",2152363,4.69,Free,Food & Drink,2,3775,1058959277,https://apps.apple.com/gb/app/uber-eats-food-groceries/id1058959277
collect subs,typed,3,Collet - collect & connect,Sarafan Technology Inc.,0,0,Free,Social Networking,1234,1763,1583065076,https://apps.apple.com/gb/app/collet-collect-connect/id1583065076
collect subs,typed,4,TeamCollect: Team Fines,TeamCollect,0,0,Free,Sports,38,2195,1528844049,https://apps.apple.com/gb/app/teamcollect-team-fines/id1528844049
collect subs,typed,5,SubPlayer - Subtitle Player,Jakub Sak,1,5,Free,Entertainment,7,218,6759879699,https://apps.apple.com/gb/app/subplayer-subtitle-player/id6759879699
collect subs,typed,6,Memoa,Memoa Corp,0,0,Free,Lifestyle,1,524,6743237503,https://apps.apple.com/gb/app/memoa/id6743237503
collect subs,typed,7,The Fine Club,Amersham Websites Limited,0,0,Free,Sports,25,44,6793259100,https://apps.apple.com/gb/app/the-fine-club/id6793259100
collect subs,typed,8,Collecto,David Catuhe,1,1,Free,Productivity,2662,2670,1466784121,https://apps.apple.com/gb/app/collecto/id1466784121
collect subs,typed,9,CollectIndex,Gordon Chaffee,0,0,Free,Productivity,672,685,6738508694,https://apps.apple.com/gb/app/collectindex/id6738508694
collect subs,typed,10,Nudge: Team Payment Reminders,RICHARD JOHN ROSEWARNE,1,5,Free,Sports,136,142,6761142904,https://apps.apple.com/gb/app/nudge-team-payment-reminders/id6761142904
team payments,typed,1,Native Teams Payments,NATIVE TEAMS LIMITED,0,0,Free,Finance,35,155,6755043439,https://apps.apple.com/gb/app/native-teams-payments/id6755043439
team payments,typed,2,Stack Team App,Team Mates Pty Ltd,2306,4.26,Free,Sports,1,4936,625607532,https://apps.apple.com/gb/app/stack-team-app/id625607532
team payments,typed,3,Lopay: Payments & POS,LOPAY LTD,10642,4.81,Free,Business,2,1961,1565369434,https://apps.apple.com/gb/app/lopay-payments-pos/id1565369434
team payments,typed,4,Spond,SPOND AS,8703,4.8,Free,Sports,13,3582,755596884,https://apps.apple.com/gb/app/spond/id755596884
team payments,typed,5,Collctiv - Group Payments.,Collctiv Ltd,4055,4.82,Free,Finance,22,2604,1470931696,https://apps.apple.com/gb/app/collctiv-group-payments/id1470931696
team payments,typed,6,Pitchero,Pitch Hero Ltd,15693,4.57,Free,Sports,8,5013,590231780,https://apps.apple.com/gb/app/pitchero/id590231780
team payments,typed,7,myPOS Payments and Finance,myPOS World Ltd.,2701,4.53,Free,Finance,1,4327,934401253,https://apps.apple.com/gb/app/mypos-payments-and-finance/id934401253
team payments,typed,8,Paytm: Secure UPI Payments,PayTM Mobile Solutions Private Limited,6141,4.67,Free,Finance,1,5461,473941634,https://apps.apple.com/gb/app/paytm-secure-upi-payments/id473941634
team payments,typed,9,Payoneer,Payoneer Inc,888,4.31,Free,Finance,9,4823,663338402,https://apps.apple.com/gb/app/payoneer/id663338402
team payments,typed,10,Square Point of Sale (POS),"Block, Inc.",13491,4.79,Free,Business,1,4340,335393788,https://apps.apple.com/gb/app/square-point-of-sale-pos/id335393788
football club payments,typed,1,Lopay: Payments & POS,LOPAY LTD,10642,4.81,Free,Business,2,1961,1565369434,https://apps.apple.com/gb/app/lopay-payments-pos/id1565369434
football club payments,typed,2,Rangers Football Club,The Rangers Football Club Limited,9386,4.79,Free,Sports,1458,2066,1541914540,https://apps.apple.com/gb/app/rangers-football-club/id1541914540
football club payments,typed,3,Centre Circle - Football App,RA Technological Solutions Ltd,518,4.72,Free,Sports,0,2596,1465147177,https://apps.apple.com/gb/app/centre-circle-football-app/id1465147177
football club payments,typed,4,BOSS93: Retro Football Manager,Planetarium Games Unipessoal Lda,177,4.8,Free,Sports,2,105,6783334407,https://apps.apple.com/gb/app/boss93-retro-football-manager/id6783334407
football club payments,typed,5,Spond,SPOND AS,8703,4.8,Free,Sports,13,3582,755596884,https://apps.apple.com/gb/app/spond/id755596884
pay subs football,typed,1,GOAL Live Scores,FootballCo Media Limited,2866,4.57,Free,Sports,7,4788,687276446,https://apps.apple.com/gb/app/goal-live-scores/id687276446
pay subs football,typed,2,Centre Circle - Football App,RA Technological Solutions Ltd,518,4.72,Free,Sports,0,2596,1465147177,https://apps.apple.com/gb/app/centre-circle-football-app/id1465147177
pay subs football,typed,3,Live Football TV: Streaming HD,Pankit Bhadani,1649,4.62,Free,Sports,754,771,6624303186,https://apps.apple.com/gb/app/live-football-tv-streaming-hd/id6624303186
pay subs football,typed,4,Powerleague - Home of 5-a-side,Powerleague Fives Ltd,815,4.55,Free,Sports,2,3626,1164049491,https://apps.apple.com/gb/app/powerleague-home-of-5-a-side/id1164049491
pay subs football,typed,5,Powerplay Football,Powerplay Team Sports Ltd,14,2.43,Free,Sports,804,5712,419104188,https://apps.apple.com/gb/app/powerplay-football/id419104188
pay subs football,typed,6,BOSS93: Retro Football Manager,Planetarium Games Unipessoal Lda,177,4.8,Free,Sports,2,105,6783334407,https://apps.apple.com/gb/app/boss93-retro-football-manager/id6783334407
